{
  "config": {
    "sketch_type": "race",
    "race_bins": 512,
    "race_num_projections": 16,
    "race_seed": 42,
    "sketch_width": 512,
    "sketch_depth": 4,
    "strategy": "topk",
    "topk": 64,
    "recent_window": 64,
    "max_cache_size": 64,
    "layer_idx": 6,
    "warmup_tokens": 64,
    "stride": 16,
    "max_length": 256
  },
  "kl_divergences": [
    0.0,
    0.0,
    0.0,
    0.0,
    16.3358211517334,
    9.895761489868164,
    3.740713119506836,
    8.28077507019043,
    20.422971725463867,
    18.944974899291992,
    7.950313091278076,
    13.748223304748535,
    18.19866943359375,
    19.72517204284668,
    8.604329109191895,
    12.166708946228027,
    20.612546920776367,
    18.793481826782227,
    11.00710678100586,
    14.567840576171875,
    21.516618728637695,
    20.815826416015625,
    9.6496000289917,
    13.99800968170166,
    15.178345680236816,
    16.970474243164062,
    9.586935043334961,
    11.913213729858398,
    19.593547821044922,
    17.93069076538086,
    11.876007080078125,
    11.5943603515625
  ],
  "cosine_similarities": [
    0.9999999403953552,
    1.0000001192092896,
    0.9999997615814209,
    0.9999999403953552,
    0.001862199860624969,
    0.006979299243539572,
    0.29028943181037903,
    0.0817032977938652,
    0.00048451145994476974,
    5.320587206369964e-06,
    0.04187307506799698,
    0.0011857670033350587,
    1.1414638720452785e-05,
    1.4857159840175882e-05,
    0.03679720312356949,
    0.0003986255615018308,
    3.0478522603516467e-05,
    1.6142032563948305e-06,
    0.09656468033790588,
    0.0015237558400258422,
    2.5480375143160927e-07,
    1.6781812064436963e-06,
    0.013033878989517689,
    0.00019233423518016934,
    3.7273516682034824e-06,
    6.107812851041672e-07,
    0.018130585551261902,
    7.495793397538364e-05,
    1.9719404917850625e-06,
    3.6501903650787426e-06,
    0.029341746121644974,
    0.00035546321305446327
  ],
  "l1_distances": [
    0.0,
    0.0,
    0.0,
    0.0,
    0.024580897763371468,
    0.023772578686475754,
    0.01571284420788288,
    0.021189581602811813,
    0.020609917119145393,
    0.02061724290251732,
    0.01765740104019642,
    0.020556405186653137,
    0.017698489129543304,
    0.01769808679819107,
    0.015703072771430016,
    0.01767398975789547,
    0.01550209242850542,
    0.015503517352044582,
    0.01278222631663084,
    0.015423915348947048,
    0.01379306335002184,
    0.01379298884421587,
    0.01305608730763197,
    0.0137784443795681,
    0.012420251965522766,
    0.012421391904354095,
    0.011393606662750244,
    0.012413937598466873,
    0.011297506280243397,
    0.011298030614852905,
    0.010328678414225578,
    0.011246363632380962
  ],
  "l2_distances": [
    0.0,
    0.0,
    0.0,
    0.0,
    0.0873614102602005,
    0.12758755683898926,
    0.03884600102901459,
    0.07393481582403183,
    0.05997423082590103,
    0.1132083609700203,
    0.060939788818359375,
    0.07817671447992325,
    0.06471781432628632,
    0.08913585543632507,
    0.053821537643671036,
    0.08825737237930298,
    0.04351135715842247,
    0.09437739849090576,
    0.02694760449230671,
    0.051538560539484024,
    0.052081286907196045,
    0.05255710706114769,
    0.05484996736049652,
    0.06894641369581223,
    0.06564245373010635,
    0.07098877429962158,
    0.049360886216163635,
    0.07812495529651642,
    0.035996194928884506,
    0.042809389531612396,
    0.03100007027387619,
    0.06217418611049652
  ],
  "peak_diffs": [
    0,
    0,
    0,
    0,
    62,
    64,
    64,
    64,
    31,
    63,
    60,
    62,
    61,
    62,
    63,
    60,
    62,
    60,
    58,
    62,
    85,
    59,
    61,
    60,
    61,
    59,
    63,
    59,
    113,
    59,
    50,
    62
  ],
  "avg_kl_divergence": 12.613094970583916,
  "avg_cosine_similarity": 0.1444020672840356,
  "avg_l1_distance": 0.013747581542702392,
  "avg_l2_distance": 0.05677712702890858,
  "avg_peak_diff": 54.65625
}