{
  "config": {
    "sketch_type": "race",
    "race_bins": 512,
    "race_num_projections": 16,
    "race_seed": 42,
    "sketch_width": 512,
    "sketch_depth": 4,
    "strategy": "topk",
    "topk": 64,
    "recent_window": 64,
    "max_cache_size": 64,
    "layer_idx": 6,
    "warmup_tokens": 64,
    "stride": 16,
    "max_length": 256
  },
  "kl_divergences": [
    0.0,
    0.0,
    0.0,
    0.0,
    16.781841278076172,
    9.763376235961914,
    4.4857306480407715,
    9.346055030822754,
    20.54437828063965,
    16.632049560546875,
    7.955201148986816,
    12.989506721496582,
    17.17341423034668,
    17.714452743530273,
    9.324483871459961,
    11.272893905639648,
    20.7487850189209,
    22.787813186645508,
    11.098711013793945,
    15.522013664245605,
    21.542991638183594,
    21.464365005493164,
    9.022040367126465,
    14.574338912963867,
    22.134185791015625,
    22.461523056030273,
    9.518102645874023,
    14.346123695373535,
    19.76327133178711,
    18.726715087890625,
    12.260129928588867,
    12.259878158569336
  ],
  "cosine_similarities": [
    0.9999999403953552,
    1.0000001192092896,
    1.0,
    1.0000001192092896,
    0.0032709920778870583,
    0.02063724398612976,
    0.11711644381284714,
    0.05528275668621063,
    0.0005114097148180008,
    5.820343631057767e-06,
    0.041496455669403076,
    0.0013324357569217682,
    1.4530991393257864e-05,
    1.5040421203593723e-05,
    0.02279629558324814,
    0.0003746892907656729,
    3.3034997613867745e-05,
    2.0878624127362855e-06,
    0.08835972845554352,
    0.0015015237731859088,
    1.7194398083120177e-07,
    1.5197639413599973e-06,
    0.019230570644140244,
    0.00022063637152314186,
    9.08201855054358e-07,
    2.839678927557543e-07,
    0.01721731200814247,
    3.753853525267914e-05,
    1.8360294689045986e-06,
    1.3998790109326364e-06,
    0.023843441158533096,
    0.000311077106744051
  ],
  "l1_distances": [
    0.0,
    0.0,
    0.0,
    0.0,
    0.024583090096712112,
    0.023903243243694305,
    0.016585003584623337,
    0.02159886434674263,
    0.020612124353647232,
    0.02061683125793934,
    0.017837543040513992,
    0.020556850358843803,
    0.0176997072994709,
    0.0176993478089571,
    0.01568644680082798,
    0.017673378810286522,
    0.015501129440963268,
    0.015505376271903515,
    0.01283053494989872,
    0.015424803830683231,
    0.013792864978313446,
    0.013793408870697021,
    0.012967249378561974,
    0.013779094442725182,
    0.01241963729262352,
    0.012420340441167355,
    0.01139388233423233,
    0.012413905933499336,
    0.011296240612864494,
    0.011297590099275112,
    0.01032583974301815,
    0.011243629269301891
  ],
  "l2_distances": [
    0.0,
    0.0,
    0.0,
    0.0,
    0.1183735579252243,
    0.1270281821489334,
    0.042035963386297226,
    0.09487652033567429,
    0.057798899710178375,
    0.11217973381280899,
    0.06192526966333389,
    0.07777690887451172,
    0.06188547611236572,
    0.0926428809762001,
    0.05385960638523102,
    0.08725647628307343,
    0.04320469871163368,
    0.09366485476493835,
    0.02662705071270466,
    0.04941653087735176,
    0.05342164263129234,
    0.052243538200855255,
    0.05472612380981445,
    0.06879893690347672,
    0.06577212363481522,
    0.07080575823783875,
    0.04960988461971283,
    0.07863301038742065,
    0.03452629968523979,
    0.04471534118056297,
    0.031139738857746124,
    0.06203990802168846
  ],
  "peak_diffs": [
    0,
    0,
    0,
    0,
    63,
    63,
    2,
    63,
    31,
    63,
    62,
    61,
    63,
    62,
    63,
    58,
    62,
    60,
    57,
    62,
    81,
    61,
    42,
    60,
    45,
    63,
    63,
    59,
    115,
    60,
    50,
    60
  ],
  "avg_kl_divergence": 13.19419912993908,
  "avg_cosine_similarity": 0.1379255426202386,
  "avg_l1_distance": 0.013795561215374619,
  "avg_l2_distance": 0.05834327865159139,
  "avg_peak_diff": 51.6875
}