{
  "config": {
    "sketch_type": "race",
    "race_bins": 512,
    "race_num_projections": 16,
    "race_seed": 42,
    "sketch_width": 512,
    "sketch_depth": 4,
    "strategy": "topk",
    "topk": 64,
    "recent_window": 64,
    "max_cache_size": 64,
    "layer_idx": 6,
    "warmup_tokens": 64,
    "stride": 16,
    "max_length": 256
  },
  "kl_divergences": [
    0.0,
    0.0,
    0.0,
    0.0,
    16.781841278076172,
    9.763376235961914,
    4.4857306480407715,
    9.346055030822754,
    20.54437828063965,
    16.632049560546875,
    7.955201148986816,
    12.989506721496582,
    17.17341423034668,
    17.714452743530273,
    9.324483871459961,
    11.272893905639648,
    20.7487850189209,
    22.787813186645508,
    11.098711013793945,
    15.522013664245605,
    21.542991638183594,
    21.464365005493164,
    9.022040367126465,
    14.574338912963867,
    22.134185791015625,
    22.461523056030273,
    9.518102645874023,
    14.346123695373535,
    19.76327133178711,
    18.726715087890625,
    12.260129928588867,
    12.259878158569336,
    0.0,
    0.0,
    0.0,
    0.0,
    18.182945251464844,
    14.28065013885498,
    6.198545455932617,
    9.378214836120605,
    21.19359588623047,
    21.672922134399414,
    8.398429870605469,
    11.797647476196289,
    20.94713020324707,
    16.629865646362305,
    8.033590316772461,
    11.172842979431152,
    20.60978126525879,
    22.793174743652344,
    8.721224784851074,
    13.978891372680664,
    21.054344177246094,
    22.275955200195312,
    12.580621719360352,
    18.440401077270508,
    20.473793029785156,
    22.653949737548828,
    12.764699935913086,
    20.202817916870117,
    18.517467498779297,
    12.089899063110352,
    13.608217239379883,
    11.89983081817627
  ],
  "cosine_similarities": [
    0.9999999403953552,
    1.0000001192092896,
    1.0,
    1.0000001192092896,
    0.0032709920778870583,
    0.02063724398612976,
    0.11711644381284714,
    0.05528275668621063,
    0.0005114097148180008,
    5.820343631057767e-06,
    0.041496455669403076,
    0.0013324357569217682,
    1.4530991393257864e-05,
    1.5040421203593723e-05,
    0.02279629558324814,
    0.0003746892907656729,
    3.3034997613867745e-05,
    2.0878624127362855e-06,
    0.08835972845554352,
    0.0015015237731859088,
    1.7194398083120177e-07,
    1.5197639413599973e-06,
    0.019230570644140244,
    0.00022063637152314186,
    9.08201855054358e-07,
    2.839678927557543e-07,
    0.01721731200814247,
    3.753853525267914e-05,
    1.8360294689045986e-06,
    1.3998790109326364e-06,
    0.023843441158533096,
    0.000311077106744051,
    1.0000001192092896,
    0.9999999403953552,
    0.9999999403953552,
    1.0000001192092896,
    0.005541559774428606,
    0.0004483371740207076,
    0.14290224015712738,
    0.007207989227026701,
    0.000693478446919471,
    0.0003889772924594581,
    0.06203337758779526,
    0.0022373488172888756,
    1.2500971934059635e-05,
    2.1585476872587606e-07,
    0.022936873137950897,
    0.00023011528537608683,
    4.580884342431091e-05,
    2.093060857077944e-06,
    0.023974474519491196,
    8.48078852868639e-05,
    4.021744825877249e-05,
    1.4132692740531638e-05,
    0.02631453238427639,
    0.0046240221709012985,
    2.7717353532352718e-06,
    6.000011580908904e-07,
    0.015891429036855698,
    0.00033761817030608654,
    1.9610726667451672e-05,
    1.9963343220297247e-05,
    0.028821006417274475,
    0.0005521427956409752
  ],
  "l1_distances": [
    0.0,
    0.0,
    0.0,
    0.0,
    0.024583090096712112,
    0.023903243243694305,
    0.016585003584623337,
    0.02159886434674263,
    0.020612124353647232,
    0.02061683125793934,
    0.017837543040513992,
    0.020556850358843803,
    0.0176997072994709,
    0.0176993478089571,
    0.01568644680082798,
    0.017673378810286522,
    0.015501129440963268,
    0.015505376271903515,
    0.01283053494989872,
    0.015424803830683231,
    0.013792864978313446,
    0.013793408870697021,
    0.012967249378561974,
    0.013779094442725182,
    0.01241963729262352,
    0.012420340441167355,
    0.01139388233423233,
    0.012413905933499336,
    0.011296240612864494,
    0.011297590099275112,
    0.01032583974301815,
    0.011243629269301891,
    0.0,
    0.0,
    0.0,
    0.0,
    0.02400629036128521,
    0.02462349459528923,
    0.016929008066654205,
    0.023927953094244003,
    0.020590104162693024,
    0.020529979839920998,
    0.016949310898780823,
    0.020419038832187653,
    0.017699481919407845,
    0.017696311697363853,
    0.01571093499660492,
    0.017679328098893166,
    0.015500018373131752,
    0.015502779744565487,
    0.013872076757252216,
    0.015495114028453827,
    0.013781126588582993,
    0.013789981603622437,
    0.012392060831189156,
    0.013636310584843159,
    0.012420538812875748,
    0.012421080842614174,
    0.01142546720802784,
    0.012369818054139614,
    0.01129696425050497,
    0.011298849247395992,
    0.010414616204798222,
    0.011283647269010544
  ],
  "l2_distances": [
    0.0,
    0.0,
    0.0,
    0.0,
    0.1183735579252243,
    0.1270281821489334,
    0.042035963386297226,
    0.09487652033567429,
    0.057798899710178375,
    0.11217973381280899,
    0.06192526966333389,
    0.07777690887451172,
    0.06188547611236572,
    0.0926428809762001,
    0.05385960638523102,
    0.08725647628307343,
    0.04320469871163368,
    0.09366485476493835,
    0.02662705071270466,
    0.04941653087735176,
    0.05342164263129234,
    0.052243538200855255,
    0.05472612380981445,
    0.06879893690347672,
    0.06577212363481522,
    0.07080575823783875,
    0.04960988461971283,
    0.07863301038742065,
    0.03452629968523979,
    0.04471534118056297,
    0.031139738857746124,
    0.06203990802168846,
    0.0,
    0.0,
    0.0,
    0.0,
    0.07169558107852936,
    0.11857019364833832,
    0.04318138584494591,
    0.09971126914024353,
    0.0609794519841671,
    0.08438078314065933,
    0.04850853607058525,
    0.09138590842485428,
    0.05093960464000702,
    0.11547842621803284,
    0.06098010018467903,
    0.08976022154092789,
    0.04256667196750641,
    0.09218654781579971,
    0.05434289202094078,
    0.08477681875228882,
    0.060610994696617126,
    0.07630795985460281,
    0.0333678163588047,
    0.023472212255001068,
    0.031108208000659943,
    0.07635001838207245,
    0.03677795082330704,
    0.03322332724928856,
    0.04163059964776039,
    0.07685235142707825,
    0.024078743532299995,
    0.05576397851109505
  ],
  "peak_diffs": [
    0,
    0,
    0,
    0,
    63,
    63,
    2,
    63,
    31,
    63,
    62,
    61,
    63,
    62,
    63,
    58,
    62,
    60,
    57,
    62,
    81,
    61,
    42,
    60,
    45,
    63,
    63,
    59,
    115,
    60,
    50,
    60,
    0,
    0,
    0,
    0,
    16,
    63,
    63,
    63,
    58,
    63,
    50,
    62,
    60,
    64,
    60,
    60,
    63,
    64,
    63,
    55,
    60,
    60,
    60,
    80,
    48,
    48,
    48,
    62,
    117,
    57,
    63,
    59
  ],
  "avg_kl_divergence": 13.480715967714787,
  "avg_cosine_similarity": 0.13685930825024584,
  "avg_l1_distance": 0.013829994466505013,
  "avg_l2_distance": 0.05696833546971902,
  "avg_peak_diff": 52.234375
}