{
  "memory_mb_seq256_mean": 279.06787109375,
  "memory_mb_seq256_std": 0.0,
  "memory_mb_seq256_min": 279.06787109375,
  "memory_mb_seq256_max": 279.06787109375,
  "latency_ms_seq256_mean": 7.229355006542019,
  "latency_ms_seq256_std": 0.7315141144576007,
  "latency_ms_seq256_min": 6.968523692158819,
  "latency_ms_seq256_max": 9.423112406313997,
  "tokens_per_sec_seq256_mean": 139.4497114328768,
  "tokens_per_sec_seq256_std": 11.116417909856509,
  "tokens_per_sec_seq256_min": 106.12204936979693,
  "tokens_per_sec_seq256_max": 143.50241804088697,
  "memory_mb_seq512_mean": 288.06982421875,
  "memory_mb_seq512_std": 0.0,
  "memory_mb_seq512_min": 288.06982421875,
  "memory_mb_seq512_max": 288.06982421875,
  "latency_ms_seq512_mean": 7.025784279876973,
  "latency_ms_seq512_std": 0.01574153930543933,
  "latency_ms_seq512_min": 7.00953925326789,
  "latency_ms_seq512_max": 7.052233208825578,
  "tokens_per_sec_seq512_mean": 142.3335778947868,
  "tokens_per_sec_seq512_std": 0.31852521537469214,
  "tokens_per_sec_seq512_min": 141.7990543404806,
  "tokens_per_sec_seq512_max": 142.6627291563841,
  "model_name": "gpt2",
  "device": "cuda",
  "cache_type": "full",
  "perplexity": 49.10215632938732
}