{
  "config": {
    "sketch_type": "count_sketch",
    "sketch_width": 512,
    "sketch_depth": 4,
    "strategy": "topk",
    "topk": 0,
    "recent_window": 64,
    "max_cache_size": 64,
    "race_bins": 512,
    "race_num_projections": 16,
    "race_seed": 42
  },
  "memory_mb": [
    278.76953125,
    280.89697265625,
    280.89697265625,
    280.89697265625,
    280.89697265625,
    280.89697265625,
    280.89697265625,
    280.89697265625,
    280.89697265625,
    280.89697265625
  ],
  "latency_s": [
    74.9923083782196,
    65.47885608673096,
    64.59909987449646,
    64.34949064254761,
    65.4172203540802,
    64.86468601226807,
    64.66047930717468,
    65.4056134223938,
    65.15896105766296,
    66.87432980537415
  ],
  "tokens_per_sec": [
    12.9879986503107,
    14.875030784133955,
    15.077609469672076,
    15.136094944565038,
    14.889045953467354,
    15.015874736767927,
    15.063296938659185,
    14.891688175292284,
    14.94805908795953,
    14.564631942251294
  ],
  "generated_texts": [
    " Robert Boulter is an English film , television and theatre actor . He had a guest @-@ starring role on the television series The Bill in 2000 . This was followed by a starring role in the play Herons",
    " In 2006 , Boulter starred alongside Whishaw in the play Citizenship written by Mark Ravenhill . He appeared on a 2006 episode of the television series , Doctors , followed by a role in the 2007 theat",
    " In 2000 Boulter had a guest @-@ starring role on the television series The Bill ; he portrayed \" Scott Parry \" in the episode , \" In Safe Hands \" . Boulter starred as \" Scott \" in the play Herons in ",
    " He had a recurring role in 2003 on two episodes of The Bill , as character \" Connor Price \" . In 2004 Boulter landed a role as \" Craig \" in the episode \" Teddy 's Story \" of the television series The",
    " In 2006 Boulter starred in the play Citizenship written by Mark Ravenhill . The play was part of a series which featured different playwrights , titled Burn / Chatroom / Citizenship . In a 2006 inter",
    " Boulter starred in two films in 2008 , Daylight Robbery by filmmaker Paris Leonti , and Donkey Punch directed by Olly Blackburn . Boulter portrayed a character named \" Sean \" in Donkey Punch , who ta",
    " Du Fu ( Wade \u2013 Giles : Tu Fu ; Chinese : \u675c\u752b ; 712 \u2013 770 ) was a prominent Chinese poet of the Tang dynasty . Along with Li Bai ( Li Po ) , he is frequently called the greatest of the Chinese poets. H",
    " Although initially he was little @-@ known to other writers , his works came to be hugely influential in both Chinese and Japanese literary culture . Of his poetic writing , nearly fifteen hundred po",
    " Traditional Chinese literary criticism emphasized the life of the author when interpreting a work , a practice which Burton Watson attributes to \" the close links that traditional Chinese thought pos",
    " Most of what is known of Du Fu 's life comes from his poems . His paternal grandfather was Du Shenyan , a noted politician and poet during the reign of Empress Wu . Du Fu was born in 712 ; the exact "
  ],
  "bleu_scores": [],
  "adaptive_log": [],
  "sketch_memory_mb": 343.546875,
  "cache_memory_mb": 2.25,
  "total_sketch_cache_mb": 345.796875,
  "avg_tokens_per_layer": 64.0,
  "total_length": 1024
}