{
  "config": {
    "sketch_type": "cms",
    "sketch_width": 512,
    "sketch_depth": 4,
    "strategy": "topk",
    "topk": 0,
    "recent_window": 64,
    "max_cache_size": 64,
    "race_bins": 512,
    "race_num_projections": 16,
    "race_seed": 42
  },
  "memory_mb": [
    277.00390625,
    279.13134765625,
    279.13134765625,
    279.13134765625,
    279.13134765625,
    279.13134765625,
    279.13134765625,
    279.13134765625,
    279.13134765625,
    279.13134765625
  ],
  "latency_s": [
    8.673732995986938,
    8.132526874542236,
    8.394676923751831,
    8.145030736923218,
    8.136683940887451,
    8.125799179077148,
    8.1305570602417,
    8.1411612033844,
    8.480180263519287,
    8.184787511825562
  ],
  "tokens_per_sec": [
    23.74986641798977,
    25.330380480494302,
    24.53936010534786,
    25.291494489536625,
    25.317439081642885,
    25.351352582084797,
    25.336517347296766,
    25.303515659948214,
    24.29193644458092,
    25.16864362115286
  ],
  "generated_texts": [
    " Robert Boulter is an English film , television and theatre actor . He had a guest @-@ starring role on the television series The Bill in 2000 . This was followed by a starring role in the play Herons",
    " In 2006 , Boulter starred alongside Whishaw in the play Citizenship written by Mark Ravenhill . He appeared on a 2006 episode of the television series , Doctors , followed by a role in the 2007 theat",
    " In 2000 Boulter had a guest @-@ starring role on the television series The Bill ; he portrayed \" Scott Parry \" in the episode , \" In Safe Hands \" . Boulter starred as \" Scott \" in the play Herons in ",
    " He had a recurring role in 2003 on two episodes of The Bill , as character \" Connor Price \" . In 2004 Boulter landed a role as \" Craig \" in the episode \" Teddy 's Story \" of the television series The",
    " In 2006 Boulter starred in the play Citizenship written by Mark Ravenhill . The play was part of a series which featured different playwrights , titled Burn / Chatroom / Citizenship . In a 2006 inter",
    " Boulter starred in two films in 2008 , Daylight Robbery by filmmaker Paris Leonti , and Donkey Punch directed by Olly Blackburn . Boulter portrayed a character named \" Sean \" in Donkey Punch , who ta",
    " Du Fu ( Wade \u2013 Giles : Tu Fu ; Chinese : \u675c\u752b ; 712 \u2013 770 ) was a prominent Chinese poet of the Tang dynasty . Along with Li Bai ( Li Po ) , he is frequently called the greatest of the Chinese poets. H",
    " Although initially he was little @-@ known to other writers , his works came to be hugely influential in both Chinese and Japanese literary culture . Of his poetic writing , nearly fifteen hundred po",
    " Traditional Chinese literary criticism emphasized the life of the author when interpreting a work , a practice which Burton Watson attributes to \" the close links that traditional Chinese thought pos",
    " Most of what is known of Du Fu 's life comes from his poems . His paternal grandfather was Du Shenyan , a noted politician and poet during the reign of Empress Wu . Du Fu was born in 712 ; the exact "
  ],
  "bleu_scores": [],
  "adaptive_log": [],
  "sketch_memory_mb": 73.546875,
  "cache_memory_mb": 2.25,
  "total_sketch_cache_mb": 75.796875,
  "avg_tokens_per_layer": 64.0,
  "perplexity_ar": 79.50091608873012,
  "total_length": 256
}