{
  "config": {
    "sketch_type": "cms",
    "sketch_width": 512,
    "sketch_depth": 4,
    "strategy": "topk",
    "topk": 64,
    "recent_window": 64,
    "max_cache_size": 128,
    "race_bins": 512,
    "race_num_projections": 16,
    "race_seed": 42
  },
  "memory_mb": [
    282.14208984375,
    283.00634765625,
    283.00634765625,
    283.00634765625,
    283.00634765625,
    283.00634765625,
    283.00634765625,
    283.00634765625,
    283.00634765625,
    283.00634765625
  ],
  "latency_s": [
    66.5444598197937,
    66.46671676635742,
    66.72021889686584,
    66.62911462783813,
    66.79147624969482,
    66.47136521339417,
    66.85628938674927,
    66.4507577419281,
    66.96963167190552,
    67.14847469329834
  ],
  "tokens_per_sec": [
    14.636830814130118,
    14.653950840144352,
    14.598273448496633,
    14.618234167455913,
    14.58269909110521,
    14.652926066331737,
    14.568562044561272,
    14.657470179387287,
    14.543905583530385,
    14.505169394372091
  ],
  "generated_texts": [
    " Robert Boulter is an English film , television and theatre actor . He had a guest @-@ starring role on the television series The Bill in 2000 . This was followed by a starring role in the play Herons",
    " In 2006 , Boulter starred alongside Whishaw in the play Citizenship written by Mark Ravenhill . He appeared on a 2006 episode of the television series , Doctors , followed by a role in the 2007 theat",
    " In 2000 Boulter had a guest @-@ starring role on the television series The Bill ; he portrayed \" Scott Parry \" in the episode , \" In Safe Hands \" . Boulter starred as \" Scott \" in the play Herons in ",
    " He had a recurring role in 2003 on two episodes of The Bill , as character \" Connor Price \" . In 2004 Boulter landed a role as \" Craig \" in the episode \" Teddy 's Story \" of the television series The",
    " In 2006 Boulter starred in the play Citizenship written by Mark Ravenhill . The play was part of a series which featured different playwrights , titled Burn / Chatroom / Citizenship . In a 2006 inter",
    " Boulter starred in two films in 2008 , Daylight Robbery by filmmaker Paris Leonti , and Donkey Punch directed by Olly Blackburn . Boulter portrayed a character named \" Sean \" in Donkey Punch , who ta",
    " Du Fu ( Wade \u2013 Giles : Tu Fu ; Chinese : \u675c\u752b ; 712 \u2013 770 ) was a prominent Chinese poet of the Tang dynasty . Along with Li Bai ( Li Po ) , he is frequently called the greatest of the Chinese poets. H",
    " Although initially he was little @-@ known to other writers , his works came to be hugely influential in both Chinese and Japanese literary culture . Of his poetic writing , nearly fifteen hundred po",
    " Traditional Chinese literary criticism emphasized the life of the author when interpreting a work , a practice which Burton Watson attributes to \" the close links that traditional Chinese thought pos",
    " Most of what is known of Du Fu 's life comes from his poems . His paternal grandfather was Du Shenyan , a noted politician and poet during the reign of Empress Wu . Du Fu was born in 712 ; the exact "
  ],
  "bleu_scores": [],
  "adaptive_log": [],
  "sketch_memory_mb": 343.546875,
  "cache_memory_mb": 4.5,
  "total_sketch_cache_mb": 348.046875,
  "avg_tokens_per_layer": 128.0,
  "total_length": 1024
}