{
  "config": {
    "sketch_type": "cms",
    "sketch_width": 512,
    "sketch_depth": 4,
    "strategy": "topk",
    "topk": 192,
    "recent_window": 64,
    "max_cache_size": 256,
    "race_bins": 512,
    "race_num_projections": 16,
    "race_seed": 42
  },
  "memory_mb": [
    291.72119140625,
    291.72119140625,
    291.72119140625,
    291.72119140625,
    291.72119140625,
    291.72119140625,
    291.72119140625,
    291.72119140625,
    291.72119140625,
    291.72119140625
  ],
  "latency_s": [
    26.023602724075317,
    26.01983094215393,
    26.39873456954956,
    26.128676176071167,
    26.221545696258545,
    26.433008432388306,
    26.086745023727417,
    26.064831018447876,
    26.167673110961914,
    26.5820472240448
  ],
  "tokens_per_sec": [
    17.753114543690298,
    17.755687999168664,
    17.50083886721253,
    17.681722444978018,
    17.619098635589626,
    17.478146733911395,
    17.71014358363928,
    17.725033385906503,
    17.655371879682466,
    17.380151201525884
  ],
  "generated_texts": [
    " Robert Boulter is an English film , television and theatre actor . He had a guest @-@ starring role on the television series The Bill in 2000 . This was followed by a starring role in the play Herons",
    " In 2006 , Boulter starred alongside Whishaw in the play Citizenship written by Mark Ravenhill . He appeared on a 2006 episode of the television series , Doctors , followed by a role in the 2007 theat",
    " In 2000 Boulter had a guest @-@ starring role on the television series The Bill ; he portrayed \" Scott Parry \" in the episode , \" In Safe Hands \" . Boulter starred as \" Scott \" in the play Herons in ",
    " He had a recurring role in 2003 on two episodes of The Bill , as character \" Connor Price \" . In 2004 Boulter landed a role as \" Craig \" in the episode \" Teddy 's Story \" of the television series The",
    " In 2006 Boulter starred in the play Citizenship written by Mark Ravenhill . The play was part of a series which featured different playwrights , titled Burn / Chatroom / Citizenship . In a 2006 inter",
    " Boulter starred in two films in 2008 , Daylight Robbery by filmmaker Paris Leonti , and Donkey Punch directed by Olly Blackburn . Boulter portrayed a character named \" Sean \" in Donkey Punch , who ta",
    " Du Fu ( Wade \u2013 Giles : Tu Fu ; Chinese : \u675c\u752b ; 712 \u2013 770 ) was a prominent Chinese poet of the Tang dynasty . Along with Li Bai ( Li Po ) , he is frequently called the greatest of the Chinese poets. H",
    " Although initially he was little @-@ known to other writers , his works came to be hugely influential in both Chinese and Japanese literary culture . Of his poetic writing , nearly fifteen hundred po",
    " Traditional Chinese literary criticism emphasized the life of the author when interpreting a work , a practice which Burton Watson attributes to \" the close links that traditional Chinese thought pos",
    " Most of what is known of Du Fu 's life comes from his poems . His paternal grandfather was Du Shenyan , a noted politician and poet during the reign of Empress Wu . Du Fu was born in 712 ; the exact "
  ],
  "bleu_scores": [],
  "adaptive_log": [],
  "sketch_memory_mb": 163.546875,
  "cache_memory_mb": 9.0,
  "total_sketch_cache_mb": 172.546875,
  "avg_tokens_per_layer": 256.0,
  "total_length": 512
}