{
  "config": {
    "sketch_type": "race",
    "sketch_width": 512,
    "sketch_depth": 4,
    "strategy": "topk",
    "topk": 64,
    "recent_window": 64,
    "max_cache_size": 128,
    "race_bins": 512,
    "race_num_projections": 16,
    "race_seed": 42
  },
  "memory_mb": [
    286.00927734375,
    286.87353515625,
    286.87353515625,
    286.87353515625,
    286.87353515625,
    286.87353515625,
    286.87353515625,
    286.87353515625,
    286.87353515625,
    286.87353515625
  ],
  "latency_s": [
    128.47685170173645,
    129.41738295555115,
    130.36500477790833,
    129.90009808540344,
    128.96617341041565,
    128.5928931236267,
    129.37686967849731,
    131.28084468841553,
    130.06690406799316,
    129.80020451545715
  ],
  "tokens_per_sec": [
    7.581132220309814,
    7.526036902898305,
    7.471330221322204,
    7.498069780976139,
    7.55236799110407,
    7.574291054044607,
    7.52839361796586,
    7.419208813835029,
    7.488453784452625,
    7.503840256923571
  ],
  "generated_texts": [
    " Robert Boulter is an English film , television and theatre actor . He had a guest @-@ starring role on the television series The Bill in 2000 . This was followed by a starring role in the play Herons",
    " In 2006 , Boulter starred alongside Whishaw in the play Citizenship written by Mark Ravenhill . He appeared on a 2006 episode of the television series , Doctors , followed by a role in the 2007 theat",
    " In 2000 Boulter had a guest @-@ starring role on the television series The Bill ; he portrayed \" Scott Parry \" in the episode , \" In Safe Hands \" . Boulter starred as \" Scott \" in the play Herons in ",
    " He had a recurring role in 2003 on two episodes of The Bill , as character \" Connor Price \" . In 2004 Boulter landed a role as \" Craig \" in the episode \" Teddy 's Story \" of the television series The",
    " In 2006 Boulter starred in the play Citizenship written by Mark Ravenhill . The play was part of a series which featured different playwrights , titled Burn / Chatroom / Citizenship . In a 2006 inter",
    " Boulter starred in two films in 2008 , Daylight Robbery by filmmaker Paris Leonti , and Donkey Punch directed by Olly Blackburn . Boulter portrayed a character named \" Sean \" in Donkey Punch , who ta",
    " Du Fu ( Wade \u2013 Giles : Tu Fu ; Chinese : \u675c\u752b ; 712 \u2013 770 ) was a prominent Chinese poet of the Tang dynasty . Along with Li Bai ( Li Po ) , he is frequently called the greatest of the Chinese poets. H",
    " Although initially he was little @-@ known to other writers , his works came to be hugely influential in both Chinese and Japanese literary culture . Of his poetic writing , nearly fifteen hundred po",
    " Traditional Chinese literary criticism emphasized the life of the author when interpreting a work , a practice which Burton Watson attributes to \" the close links that traditional Chinese thought pos",
    " Most of what is known of Du Fu 's life comes from his poems . His paternal grandfather was Du Shenyan , a noted politician and poet during the reign of Empress Wu . Du Fu was born in 712 ; the exact "
  ],
  "bleu_scores": [],
  "adaptive_log": [],
  "sketch_memory_mb": 5.0625,
  "cache_memory_mb": 4.5,
  "total_sketch_cache_mb": 9.5625,
  "avg_tokens_per_layer": 128.0,
  "total_length": 1024
}