{
  "config": {
    "sketch_type": "cms",
    "sketch_width": 512,
    "sketch_depth": 4,
    "strategy": "topk",
    "topk": 64,
    "recent_window": 64,
    "max_cache_size": 128,
    "race_bins": 512,
    "race_num_projections": 16,
    "race_seed": 42
  },
  "memory_mb": [
    282.13037109375,
    283.00634765625,
    283.00634765625,
    283.00634765625,
    283.00634765625,
    283.00634765625,
    283.00634765625,
    283.00634765625,
    283.00634765625,
    283.00634765625
  ],
  "latency_s": [
    12.012961387634277,
    11.995445251464844,
    12.010238409042358,
    11.991833686828613,
    11.99332880973816,
    11.982150316238403,
    11.991928339004517,
    12.023021936416626,
    12.01542592048645,
    11.999545335769653
  ],
  "tokens_per_sec": [
    17.1481446874581,
    17.173184961587314,
    17.152032539579327,
    17.178356986910416,
    17.17621548345571,
    17.192239670105412,
    17.178221398302703,
    17.133795570649752,
    17.144627361795592,
    17.16731711375189
  ],
  "generated_texts": [
    " Robert Boulter is an English film , television and theatre actor . He had a guest @-@ starring role on the television series The Bill in 2000 . This was followed by a starring role in the play Herons",
    " In 2006 , Boulter starred alongside Whishaw in the play Citizenship written by Mark Ravenhill . He appeared on a 2006 episode of the television series , Doctors , followed by a role in the 2007 theat",
    " In 2000 Boulter had a guest @-@ starring role on the television series The Bill ; he portrayed \" Scott Parry \" in the episode , \" In Safe Hands \" . Boulter starred as \" Scott \" in the play Herons in ",
    " He had a recurring role in 2003 on two episodes of The Bill , as character \" Connor Price \" . In 2004 Boulter landed a role as \" Craig \" in the episode \" Teddy 's Story \" of the television series The",
    " In 2006 Boulter starred in the play Citizenship written by Mark Ravenhill . The play was part of a series which featured different playwrights , titled Burn / Chatroom / Citizenship . In a 2006 inter",
    " Boulter starred in two films in 2008 , Daylight Robbery by filmmaker Paris Leonti , and Donkey Punch directed by Olly Blackburn . Boulter portrayed a character named \" Sean \" in Donkey Punch , who ta",
    " Du Fu ( Wade \u2013 Giles : Tu Fu ; Chinese : \u675c\u752b ; 712 \u2013 770 ) was a prominent Chinese poet of the Tang dynasty . Along with Li Bai ( Li Po ) , he is frequently called the greatest of the Chinese poets. H",
    " Although initially he was little @-@ known to other writers , his works came to be hugely influential in both Chinese and Japanese literary culture . Of his poetic writing , nearly fifteen hundred po",
    " Traditional Chinese literary criticism emphasized the life of the author when interpreting a work , a practice which Burton Watson attributes to \" the close links that traditional Chinese thought pos",
    " Most of what is known of Du Fu 's life comes from his poems . His paternal grandfather was Du Shenyan , a noted politician and poet during the reign of Empress Wu . Du Fu was born in 712 ; the exact "
  ],
  "bleu_scores": [],
  "adaptive_log": [],
  "sketch_memory_mb": 73.546875,
  "cache_memory_mb": 4.5,
  "total_sketch_cache_mb": 78.046875,
  "avg_tokens_per_layer": 128.0,
  "perplexity_ar": 79.50091608873012,
  "total_length": 256
}