{
  "config": {
    "sketch_type": "count_sketch",
    "sketch_width": 512,
    "sketch_depth": 4,
    "strategy": "topk",
    "topk": 64,
    "recent_window": 64,
    "max_cache_size": 128,
    "race_bins": 512,
    "race_num_projections": 16,
    "race_seed": 42
  },
  "memory_mb": [
    282.27099609375,
    283.14697265625,
    283.14697265625,
    283.14697265625,
    283.14697265625,
    283.14697265625,
    283.14697265625,
    283.14697265625,
    283.14697265625,
    283.14697265625
  ],
  "latency_s": [
    21.268667936325073,
    21.181155920028687,
    21.1171236038208,
    21.20846915245056,
    20.962413549423218,
    21.349962949752808,
    21.145360231399536,
    20.954421997070312,
    20.986483335494995,
    20.805315017700195
  ],
  "tokens_per_sec": [
    9.685608925614451,
    9.725625965729684,
    9.755116457372425,
    9.713100861699745,
    9.82711268024135,
    9.648728687952364,
    9.74208988381777,
    9.83086052332063,
    9.815841782867297,
    9.901316073548744
  ],
  "generated_texts": [
    " Robert Boulter is an English film , television and theatre actor . He had a guest @-@ starring role on the television series The Bill in 2000 . This was followed by a starring role in the play Herons",
    " In 2006 , Boulter starred alongside Whishaw in the play Citizenship written by Mark Ravenhill . He appeared on a 2006 episode of the television series , Doctors , followed by a role in the 2007 theat",
    " In 2000 Boulter had a guest @-@ starring role on the television series The Bill ; he portrayed \" Scott Parry \" in the episode , \" In Safe Hands \" . Boulter starred as \" Scott \" in the play Herons in ",
    " He had a recurring role in 2003 on two episodes of The Bill , as character \" Connor Price \" . In 2004 Boulter landed a role as \" Craig \" in the episode \" Teddy 's Story \" of the television series The",
    " In 2006 Boulter starred in the play Citizenship written by Mark Ravenhill . The play was part of a series which featured different playwrights , titled Burn / Chatroom / Citizenship . In a 2006 inter",
    " Boulter starred in two films in 2008 , Daylight Robbery by filmmaker Paris Leonti , and Donkey Punch directed by Olly Blackburn . Boulter portrayed a character named \" Sean \" in Donkey Punch , who ta",
    " Du Fu ( Wade \u2013 Giles : Tu Fu ; Chinese : \u675c\u752b ; 712 \u2013 770 ) was a prominent Chinese poet of the Tang dynasty . Along with Li Bai ( Li Po ) , he is frequently called the greatest of the Chinese poets. H",
    " Although initially he was little @-@ known to other writers , his works came to be hugely influential in both Chinese and Japanese literary culture . Of his poetic writing , nearly fifteen hundred po",
    " Traditional Chinese literary criticism emphasized the life of the author when interpreting a work , a practice which Burton Watson attributes to \" the close links that traditional Chinese thought pos",
    " Most of what is known of Du Fu 's life comes from his poems . His paternal grandfather was Du Shenyan , a noted politician and poet during the reign of Empress Wu . Du Fu was born in 712 ; the exact "
  ],
  "bleu_scores": [],
  "adaptive_log": [],
  "sketch_memory_mb": 73.546875,
  "cache_memory_mb": 4.5,
  "total_sketch_cache_mb": 78.046875,
  "avg_tokens_per_layer": 128.0,
  "perplexity_ar": 79.50091608873012,
  "total_length": 256
}