{
  "config": {
    "sketch_type": "count_sketch",
    "sketch_width": 512,
    "sketch_depth": 4,
    "strategy": "topk",
    "topk": 192,
    "recent_window": 64,
    "max_cache_size": 256,
    "race_bins": 512,
    "race_num_projections": 16,
    "race_seed": 42
  },
  "memory_mb": [
    291.13037109375,
    291.13037109375,
    291.13037109375,
    291.13037109375,
    291.13037109375,
    291.13037109375,
    291.13037109375,
    291.13037109375,
    291.13037109375,
    291.13037109375
  ],
  "latency_s": [
    13.389001846313477,
    13.039043664932251,
    13.422082424163818,
    13.755096197128296,
    13.482327938079834,
    13.543976068496704,
    13.243335723876953,
    13.188558101654053,
    13.014822244644165,
    13.230248212814331
  ],
  "tokens_per_sec": [
    15.385762311827596,
    15.798704666817322,
    15.347841973398817,
    14.976267490081778,
    15.279260447164194,
    15.209713820977292,
    15.554993416695927,
    15.619599838906147,
    15.828107071133664,
    15.570380591988894
  ],
  "generated_texts": [
    " Robert Boulter is an English film , television and theatre actor . He had a guest @-@ starring role on the television series The Bill in 2000 . This was followed by a starring role in the play Herons",
    " In 2006 , Boulter starred alongside Whishaw in the play Citizenship written by Mark Ravenhill . He appeared on a 2006 episode of the television series , Doctors , followed by a role in the 2007 theat",
    " In 2000 Boulter had a guest @-@ starring role on the television series The Bill ; he portrayed \" Scott Parry \" in the episode , \" In Safe Hands \" . Boulter starred as \" Scott \" in the play Herons in ",
    " He had a recurring role in 2003 on two episodes of The Bill , as character \" Connor Price \" . In 2004 Boulter landed a role as \" Craig \" in the episode \" Teddy 's Story \" of the television series The",
    " In 2006 Boulter starred in the play Citizenship written by Mark Ravenhill . The play was part of a series which featured different playwrights , titled Burn / Chatroom / Citizenship . In a 2006 inter",
    " Boulter starred in two films in 2008 , Daylight Robbery by filmmaker Paris Leonti , and Donkey Punch directed by Olly Blackburn . Boulter portrayed a character named \" Sean \" in Donkey Punch , who ta",
    " Du Fu ( Wade \u2013 Giles : Tu Fu ; Chinese : \u675c\u752b ; 712 \u2013 770 ) was a prominent Chinese poet of the Tang dynasty . Along with Li Bai ( Li Po ) , he is frequently called the greatest of the Chinese poets. H",
    " Although initially he was little @-@ known to other writers , his works came to be hugely influential in both Chinese and Japanese literary culture . Of his poetic writing , nearly fifteen hundred po",
    " Traditional Chinese literary criticism emphasized the life of the author when interpreting a work , a practice which Burton Watson attributes to \" the close links that traditional Chinese thought pos",
    " Most of what is known of Du Fu 's life comes from his poems . His paternal grandfather was Du Shenyan , a noted politician and poet during the reign of Empress Wu . Du Fu was born in 712 ; the exact "
  ],
  "bleu_scores": [],
  "adaptive_log": [],
  "sketch_memory_mb": 73.546875,
  "cache_memory_mb": 8.96484375,
  "total_sketch_cache_mb": 82.51171875,
  "avg_tokens_per_layer": 255.0,
  "perplexity_ar": 79.50091608873012,
  "total_length": 256
}