{
  "config": {
    "sketch_type": "cms",
    "sketch_width": 512,
    "sketch_depth": 4,
    "strategy": "topk",
    "topk": 192,
    "recent_window": 64,
    "max_cache_size": 256,
    "race_bins": 512,
    "race_num_projections": 16,
    "race_seed": 42
  },
  "memory_mb": [
    290.98974609375,
    290.98974609375,
    290.98974609375,
    290.98974609375,
    290.98974609375,
    290.98974609375,
    290.98974609375,
    290.98974609375,
    290.98974609375,
    290.98974609375
  ],
  "latency_s": [
    7.848463773727417,
    7.8754167556762695,
    7.849998712539673,
    7.870718002319336,
    7.874083042144775,
    7.836634159088135,
    7.897231817245483,
    7.884913444519043,
    7.837876558303833,
    7.862775802612305
  ],
  "tokens_per_sec": [
    26.247174726037606,
    26.15734587652442,
    26.242042520457154,
    26.172961595028067,
    26.161776412239725,
    26.2867955576441,
    26.08508965763801,
    26.12584164042975,
    26.282628779315672,
    26.199398936385695
  ],
  "generated_texts": [
    " Robert Boulter is an English film , television and theatre actor . He had a guest @-@ starring role on the television series The Bill in 2000 . This was followed by a starring role in the play Herons",
    " In 2006 , Boulter starred alongside Whishaw in the play Citizenship written by Mark Ravenhill . He appeared on a 2006 episode of the television series , Doctors , followed by a role in the 2007 theat",
    " In 2000 Boulter had a guest @-@ starring role on the television series The Bill ; he portrayed \" Scott Parry \" in the episode , \" In Safe Hands \" . Boulter starred as \" Scott \" in the play Herons in ",
    " He had a recurring role in 2003 on two episodes of The Bill , as character \" Connor Price \" . In 2004 Boulter landed a role as \" Craig \" in the episode \" Teddy 's Story \" of the television series The",
    " In 2006 Boulter starred in the play Citizenship written by Mark Ravenhill . The play was part of a series which featured different playwrights , titled Burn / Chatroom / Citizenship . In a 2006 inter",
    " Boulter starred in two films in 2008 , Daylight Robbery by filmmaker Paris Leonti , and Donkey Punch directed by Olly Blackburn . Boulter portrayed a character named \" Sean \" in Donkey Punch , who ta",
    " Du Fu ( Wade \u2013 Giles : Tu Fu ; Chinese : \u675c\u752b ; 712 \u2013 770 ) was a prominent Chinese poet of the Tang dynasty . Along with Li Bai ( Li Po ) , he is frequently called the greatest of the Chinese poets. H",
    " Although initially he was little @-@ known to other writers , his works came to be hugely influential in both Chinese and Japanese literary culture . Of his poetic writing , nearly fifteen hundred po",
    " Traditional Chinese literary criticism emphasized the life of the author when interpreting a work , a practice which Burton Watson attributes to \" the close links that traditional Chinese thought pos",
    " Most of what is known of Du Fu 's life comes from his poems . His paternal grandfather was Du Shenyan , a noted politician and poet during the reign of Empress Wu . Du Fu was born in 712 ; the exact "
  ],
  "bleu_scores": [],
  "adaptive_log": [],
  "sketch_memory_mb": 73.546875,
  "cache_memory_mb": 8.96484375,
  "total_sketch_cache_mb": 82.51171875,
  "avg_tokens_per_layer": 255.0,
  "perplexity_ar": 79.50091608873012,
  "total_length": 256
}