{
  "config": {
    "sketch_width": 512,
    "sketch_depth": 2,
    "strategy": "topk",
    "topk": 64,
    "recent_window": 64,
    "max_cache_size": 256
  },
  "memory_mb": [
    291.1572265625,
    291.1572265625,
    291.1572265625,
    291.1572265625,
    291.1572265625,
    291.1572265625,
    291.1572265625,
    291.1572265625,
    291.1572265625,
    291.1572265625
  ],
  "latency_s": [
    23.398482084274292,
    23.712965965270996,
    23.445204973220825,
    23.38919734954834,
    23.452115774154663,
    23.746245622634888,
    23.36574363708496,
    23.4706974029541,
    23.387465000152588,
    23.771526336669922
  ],
  "tokens_per_sec": [
    19.744870557671863,
    19.48301198072926,
    19.705521897876245,
    19.75270861566874,
    19.69971513227586,
    19.455707118586453,
    19.772535690528432,
    19.68411897048492,
    19.754171732463767,
    19.43501622305672
  ],
  "generated_texts": [
    " Robert Boulter is an English film , television and theatre actor . He had a guest @-@ starring role on the television series The Bill in 2000 . This was followed by a starring role in the play Herons",
    " In 2006 , Boulter starred alongside Whishaw in the play Citizenship written by Mark Ravenhill . He appeared on a 2006 episode of the television series , Doctors , followed by a role in the 2007 theat",
    " In 2000 Boulter had a guest @-@ starring role on the television series The Bill ; he portrayed \" Scott Parry \" in the episode , \" In Safe Hands \" . Boulter starred as \" Scott \" in the play Herons in ",
    " He had a recurring role in 2003 on two episodes of The Bill , as character \" Connor Price \" . In 2004 Boulter landed a role as \" Craig \" in the episode \" Teddy 's Story \" of the television series The",
    " In 2006 Boulter starred in the play Citizenship written by Mark Ravenhill . The play was part of a series which featured different playwrights , titled Burn / Chatroom / Citizenship . In a 2006 inter",
    " Boulter starred in two films in 2008 , Daylight Robbery by filmmaker Paris Leonti , and Donkey Punch directed by Olly Blackburn . Boulter portrayed a character named \" Sean \" in Donkey Punch , who ta",
    " Du Fu ( Wade \u2013 Giles : Tu Fu ; Chinese : \u675c\u752b ; 712 \u2013 770 ) was a prominent Chinese poet of the Tang dynasty . Along with Li Bai ( Li Po ) , he is frequently called the greatest of the Chinese poets. H",
    " Although initially he was little @-@ known to other writers , his works came to be hugely influential in both Chinese and Japanese literary culture . Of his poetic writing , nearly fifteen hundred po",
    " Traditional Chinese literary criticism emphasized the life of the author when interpreting a work , a practice which Burton Watson attributes to \" the close links that traditional Chinese thought pos",
    " Most of what is known of Du Fu 's life comes from his poems . His paternal grandfather was Du Shenyan , a noted politician and poet during the reign of Empress Wu . Du Fu was born in 712 ; the exact "
  ],
  "bleu_scores": [],
  "sketch_memory_mb": 162.984375,
  "cache_memory_mb": 9.0,
  "total_sketch_cache_mb": 171.984375,
  "avg_tokens_per_layer": 256.0,
  "total_length": 512
}