{
  "config": {
    "sketch_width": 512,
    "sketch_depth": 4,
    "strategy": "topk",
    "topk": 64,
    "recent_window": 64,
    "max_cache_size": 256
  },
  "memory_mb": [
    290.98974609375,
    290.98974609375,
    290.98974609375,
    290.98974609375,
    290.98974609375,
    290.98974609375,
    290.98974609375,
    290.98974609375,
    290.98974609375,
    290.98974609375
  ],
  "latency_s": [
    7.83070707321167,
    7.8504719734191895,
    7.79668116569519,
    7.797907590866089,
    7.877923011779785,
    8.100156545639038,
    7.899990081787109,
    7.901926755905151,
    7.814500570297241,
    7.89086127281189
  ],
  "tokens_per_sec": [
    26.30669211273556,
    26.240460535047156,
    26.42149853534918,
    26.417343062810037,
    26.14902426590995,
    25.431607258369134,
    26.0759821047015,
    26.06959117231188,
    26.361249595783747,
    26.10614898398694
  ],
  "generated_texts": [
    " Robert Boulter is an English film , television and theatre actor . He had a guest @-@ starring role on the television series The Bill in 2000 . This was followed by a starring role in the play Herons",
    " In 2006 , Boulter starred alongside Whishaw in the play Citizenship written by Mark Ravenhill . He appeared on a 2006 episode of the television series , Doctors , followed by a role in the 2007 theat",
    " In 2000 Boulter had a guest @-@ starring role on the television series The Bill ; he portrayed \" Scott Parry \" in the episode , \" In Safe Hands \" . Boulter starred as \" Scott \" in the play Herons in ",
    " He had a recurring role in 2003 on two episodes of The Bill , as character \" Connor Price \" . In 2004 Boulter landed a role as \" Craig \" in the episode \" Teddy 's Story \" of the television series The",
    " In 2006 Boulter starred in the play Citizenship written by Mark Ravenhill . The play was part of a series which featured different playwrights , titled Burn / Chatroom / Citizenship . In a 2006 inter",
    " Boulter starred in two films in 2008 , Daylight Robbery by filmmaker Paris Leonti , and Donkey Punch directed by Olly Blackburn . Boulter portrayed a character named \" Sean \" in Donkey Punch , who ta",
    " Du Fu ( Wade \u2013 Giles : Tu Fu ; Chinese : \u675c\u752b ; 712 \u2013 770 ) was a prominent Chinese poet of the Tang dynasty . Along with Li Bai ( Li Po ) , he is frequently called the greatest of the Chinese poets. H",
    " Although initially he was little @-@ known to other writers , his works came to be hugely influential in both Chinese and Japanese literary culture . Of his poetic writing , nearly fifteen hundred po",
    " Traditional Chinese literary criticism emphasized the life of the author when interpreting a work , a practice which Burton Watson attributes to \" the close links that traditional Chinese thought pos",
    " Most of what is known of Du Fu 's life comes from his poems . His paternal grandfather was Du Shenyan , a noted politician and poet during the reign of Empress Wu . Du Fu was born in 712 ; the exact "
  ],
  "bleu_scores": [],
  "sketch_memory_mb": 73.546875,
  "cache_memory_mb": 8.96484375,
  "total_sketch_cache_mb": 82.51171875,
  "avg_tokens_per_layer": 255.0,
  "total_length": 256
}