{
  "config": {
    "sketch_width": 256,
    "sketch_depth": 4,
    "strategy": "topk",
    "topk": 64,
    "recent_window": 64,
    "max_cache_size": 256
  },
  "memory_mb": [
    290.42724609375,
    290.42724609375,
    290.42724609375,
    290.42724609375,
    290.42724609375,
    290.42724609375,
    290.42724609375,
    290.42724609375,
    290.42724609375,
    290.42724609375
  ],
  "latency_s": [
    8.164291858673096,
    7.9056971073150635,
    7.9070069789886475,
    7.9009623527526855,
    7.910653352737427,
    7.908588647842407,
    8.194231510162354,
    7.94111967086792,
    7.909043312072754,
    7.919562578201294
  ],
  "tokens_per_sec": [
    25.231827029941606,
    26.05715817386809,
    26.052841555269325,
    26.072773265174444,
    26.040832635993983,
    26.04763114796724,
    25.139636309338115,
    25.940926284704304,
    26.046133757486373,
    26.01153762797681
  ],
  "generated_texts": [
    " Robert Boulter is an English film , television and theatre actor . He had a guest @-@ starring role on the television series The Bill in 2000 . This was followed by a starring role in the play Herons",
    " In 2006 , Boulter starred alongside Whishaw in the play Citizenship written by Mark Ravenhill . He appeared on a 2006 episode of the television series , Doctors , followed by a role in the 2007 theat",
    " In 2000 Boulter had a guest @-@ starring role on the television series The Bill ; he portrayed \" Scott Parry \" in the episode , \" In Safe Hands \" . Boulter starred as \" Scott \" in the play Herons in ",
    " He had a recurring role in 2003 on two episodes of The Bill , as character \" Connor Price \" . In 2004 Boulter landed a role as \" Craig \" in the episode \" Teddy 's Story \" of the television series The",
    " In 2006 Boulter starred in the play Citizenship written by Mark Ravenhill . The play was part of a series which featured different playwrights , titled Burn / Chatroom / Citizenship . In a 2006 inter",
    " Boulter starred in two films in 2008 , Daylight Robbery by filmmaker Paris Leonti , and Donkey Punch directed by Olly Blackburn . Boulter portrayed a character named \" Sean \" in Donkey Punch , who ta",
    " Du Fu ( Wade \u2013 Giles : Tu Fu ; Chinese : \u675c\u752b ; 712 \u2013 770 ) was a prominent Chinese poet of the Tang dynasty . Along with Li Bai ( Li Po ) , he is frequently called the greatest of the Chinese poets. H",
    " Although initially he was little @-@ known to other writers , his works came to be hugely influential in both Chinese and Japanese literary culture . Of his poetic writing , nearly fifteen hundred po",
    " Traditional Chinese literary criticism emphasized the life of the author when interpreting a work , a practice which Burton Watson attributes to \" the close links that traditional Chinese thought pos",
    " Most of what is known of Du Fu 's life comes from his poems . His paternal grandfather was Du Shenyan , a noted politician and poet during the reign of Empress Wu . Du Fu was born in 712 ; the exact "
  ],
  "bleu_scores": [],
  "sketch_memory_mb": 72.984375,
  "cache_memory_mb": 8.96484375,
  "total_sketch_cache_mb": 81.94921875,
  "avg_tokens_per_layer": 255.0,
  "total_length": 256
}